sku,style_name,category,sell_through_pct,weeks_of_cover,trend_score,revenue
SKU1027,Nero Skirt,Outerwear,0.7972972972972973,3.0145278450363198,1.55,11798.251930413982
SKU1030,Nero Pant,Outerwear,0.7619047619047619,3.7053571428571432,0.0,8199.335610204571
SKU1031,Aria Skirt,Knitwear,0.7702702702702703,3.5363408521303263,0.6,4944.041591965386
SKU1009,Nero Cardi,Bottoms,0.7777777777777778,3.387755102040816,1.7000000000000002,3374.845912616694
SKU1035,Aria Pant,Knitwear,0.821917808219178,2.5690476190476192,1.2,3325.8336624949934
